-- phpMyAdmin SQL Dump
-- version 5.2.1
-- https://www.phpmyadmin.net/
--
-- 主機： 127.0.0.1
-- 產生時間： 2024-05-13 10:58:07
-- 伺服器版本： 10.4.32-MariaDB
-- PHP 版本： 8.2.12

SET SQL_MODE = "NO_AUTO_VALUE_ON_ZERO";
START TRANSACTION;
SET time_zone = "+00:00";


/*!40101 SET @OLD_CHARACTER_SET_CLIENT=@@CHARACTER_SET_CLIENT */;
/*!40101 SET @OLD_CHARACTER_SET_RESULTS=@@CHARACTER_SET_RESULTS */;
/*!40101 SET @OLD_COLLATION_CONNECTION=@@COLLATION_CONNECTION */;
/*!40101 SET NAMES utf8mb4 */;

--
-- 資料庫： `take_away`
--

-- --------------------------------------------------------

--
-- 資料表結構 `blog`
--

CREATE TABLE `blog` (
  `blog_id` int(11) NOT NULL,
  `pet_id` int(11) NOT NULL,
  `content` varchar(100) NOT NULL,
  `pic1` varchar(100) DEFAULT NULL,
  `pic2` int(11) NOT NULL,
  `pic3` int(11) NOT NULL,
  `pic4` int(11) NOT NULL,
  `pic5` int(11) NOT NULL,
  `time` datetime NOT NULL
) ENGINE=InnoDB DEFAULT CHARSET=utf8mb4 COLLATE=utf8mb4_general_ci;

--
-- 傾印資料表的資料 `blog`
--

INSERT INTO `blog` (`blog_id`, `pet_id`, `content`, `pic1`, `pic2`, `pic3`, `pic4`, `pic5`, `time`) VALUES
(1, 10001, '今天天氣晴', '33a653d57653c7d4d8cfee6925bd18f380d36b90.jpg', 0, 0, 0, 0, '2024-03-21 14:08:02'),
(6, 10001, '今天沒出門', '', 0, 0, 0, 0, '2024-03-21 14:08:54'),
(7, 10002, '今天好無聊', '', 0, 0, 0, 0, '2024-03-21 14:09:09'),
(8, 10008, 'A，B，C，D，E，F，G', '', 0, 0, 0, 0, '2024-03-21 14:09:47'),
(9, 10004, 'Hello，world', '', 0, 0, 0, 0, '2024-03-21 14:10:09'),
(10, 10004, '陰天', '', 0, 0, 0, 0, '2024-03-21 14:10:21'),
(11, 10005, '今日天氣晴', '', 0, 0, 0, 0, '2024-03-21 14:10:35'),
(12, 10005, '認真讀書的一天', '4538fb499a299b1c350352a9ca6df9954570d6ed.jpg', 0, 0, 0, 0, '2024-03-21 14:11:20'),
(13, 10009, '外面真好玩', 'b11a27601279dd27a1a019e41fee4568ec2cac06.jpg', 0, 0, 0, 0, '2024-03-21 14:12:27'),
(14, 10009, '餓了', '', 0, 0, 0, 0, '2024-03-21 14:13:18'),
(15, 10009, '吃飽了', '', 0, 0, 0, 0, '2024-03-21 14:13:25');

-- --------------------------------------------------------

--
-- 資料表結構 `faq_report`
--

CREATE TABLE `faq_report` (
  `fr_id` int(7) NOT NULL,
  `email` varchar(30) NOT NULL,
  `fr_option` varchar(10) NOT NULL,
  `question` text NOT NULL
) ENGINE=InnoDB DEFAULT CHARSET=utf8mb4 COLLATE=utf8mb4_general_ci;

-- --------------------------------------------------------

--
-- 資料表結構 `faq_shopinfo`
--

CREATE TABLE `faq_shopinfo` (
  `question_id` int(11) NOT NULL,
  `main_question` varchar(60) NOT NULL,
  `small_question` varchar(60) NOT NULL,
  `faq_answer` text NOT NULL
) ENGINE=InnoDB DEFAULT CHARSET=utf8mb4 COLLATE=utf8mb4_general_ci;

--
-- 傾印資料表的資料 `faq_shopinfo`
--

INSERT INTO `faq_shopinfo` (`question_id`, `main_question`, `small_question`, `faq_answer`) VALUES
(10001, '訂單相關', '我該如何訂購商品？', '您可以在我們的網站上瀏覽我們的商品目錄，並將您感興趣的商品添加到購物車中。完成購物後，您可以進入結帳流程並提供所需的付款和送貨信息。'),
(10002, '訂單相關', '我們可以更改訂單嗎？', '如果您需要更改訂單，請在提交訂單後盡快聯繫我們的客戶服務團隊。我們將竭盡所能滿足您的需求，但可能會受到訂單處理狀態的限制。'),
(10003, '訂單相關', '有哪些付款方式？', '我們接受信用卡（Visa、MasterCard、American Express等）和銀行轉帳等常見的付款方式。在結賬過程中，您將看到所有可用的付款選項。'),
(10004, '配送相關', '多久可以收到我的訂單？', '我們會盡快處理您的訂單並安排送貨。送貨時間取決於您所在地區以及選擇的送貨方式。一般而言，大多數訂單將在3至7個工作日內送達。'),
(10005, '配送相關', '如果我收到損壞的商品怎麼辦？', '如果您收到的商品在運送過程中受損，請立即與我們的客戶服務團隊聯繫。請提供訂單號碼和照片以供參考，我們將盡快為您處理退貨或退款。'),
(10006, '配送相關', '您是否提供退貨和退款？', '是的，我們提供退貨和退款服務。請在收到商品後的一定時間內與我們聯繫以了解退貨和退款政策的詳細信息。'),
(10007, '退換貨相關', '如何申請退貨退款？', '\"首先，請查閱商城的退貨政策，確保您的情況符合退貨退款的條件。通常退貨政策會規定退貨的時間限制、商品狀態、退款方式等。\r\n如果您符合退貨條件，請通過商城的客服系統或客服電話聯繫客服部門。您可能需要提供訂單號碼以及退貨原因等相關信息。\"'),
(10008, '會員資訊與其他', '需要填寫填寫退貨申請表格嗎?', '您需要填寫退貨申請表格，其中包括您的訂單信息、退貨原因、退款方式等。請填寫完整並確保準確無誤。'),
(10009, '付款或帳務問題', '請問退貨流程要多久?', '\"提交退貨申請後，商城會對您的申請進行審核。審核時間可能會有所不同，請耐心等待。\r\n如果您的退貨申請被批准，商城會告知您退貨的具體步驟，包括退貨地址以及郵寄方式等。請按照指示將商品郵寄回商城。\"'),
(10010, '付款或帳務問題', '請問退款是怎麼處理的?', '商城在收到退回的商品後會進行檢查，確認商品狀態無誤後，會安排退款。退款的時間取決於商城的處理速度以及您所選擇的退款方式。'),
(10011, '發票相關', '如何索取發票？', '您可以在下單時選擇需要發票，或者在收到訂單後通過訂單管理頁面申請發票。在填寫收貨信息時，請確保提供正確的發票抬頭和納稅人識別號碼等信息。'),
(10012, '發票相關', '我如何查詢已經索取的發票？', '您可以登入您的帳號，然後在訂單記錄或發票管理部分查詢您已經索取的發票。通常，您可以在那裡查看和下載您的發票。'),
(10013, '發票相關', '如果我的發票信息填寫錯誤，該如何修改？', '如果您填寫的發票信息有誤，請立即聯繫客服，提供正確的信息。客服將幫助您修改發票信息並重新發送發票。'),
(10014, '發票相關', '我可以申請電子發票嗎？如何獲取電子發票？', '是的，您可以選擇申請電子發票。在下單時，請選擇電子發票選項並填寫相關信息。商城將通過電子郵件或在您的帳戶中發送電子發票給您。'),
(10015, '發票相關', '若是我的發票有填寫統一編號，何時可以收到發票？', '若您的發票有填寫統一編號，實體商品系統將會於確認您取貨後，以郵局平信方式盡速為您寄出紙本發票；而虛擬商品則是會於您成功訂購後，儘速為您寄出紙本發票。'),
(10016, '商品相關', '商品缺貨了，我可以提前知道嗎？', '我們會盡量保持商品庫存的準確性，但有時候由於各種原因，商品可能會出現缺貨情況。您可以在選擇商品時查看庫存狀態，如果商品缺貨，系統通常會提示或標註為“暫時缺貨”。'),
(10017, '商品相關', '我想了解商品的詳細資訊，如尺寸、材質等，該如何查詢？', '您可以在商品頁面上查看商品的詳細資訊，包括尺寸、成分、顏色等。如果您對商品有任何疑問，也可以通過客服系統與我們的客服人員聯繫，我們將竭誠為您提供幫助。'),
(10018, '商品相關', '商品收到後有損壞，該如何處理？', '如果您收到的商品有損壞或缺陷，請在收貨後的七天內與我們聯繫，提供相關的照片證明和訂單信息。我們會為您提供退換貨服務。'),
(10019, '商品相關', '我想購買的商品暫時沒有庫存，是否可以預訂？', '有些商品可以進行預訂，您可以查看商品頁面是否有預訂選項。如果可以預訂，系統會提示相關信息並引導您完成預訂流程。'),
(10020, '商品相關', '商品訂錯或不滿意，可以直接換購其他商品嗎？', '\"如果您決定換購其他商品，請按照商城的換貨流程進行操作。通常情況下，您需要在收到商品後的一定時間內申請換貨，並按照指示將原商品退回。\r\n為了進行換購，通常要求原商品必須是未使用、未損壞且保持原包裝狀態。請確保您的商品符合商城的換貨條件。\"');

-- --------------------------------------------------------

--
-- 資料表結構 `favorite`
--

CREATE TABLE `favorite` (
  `favorite_id` int(11) NOT NULL,
  `user_id` int(11) NOT NULL,
  `pet_id` int(11) NOT NULL
) ENGINE=InnoDB DEFAULT CHARSET=utf8mb4 COLLATE=utf8mb4_general_ci;

--
-- 傾印資料表的資料 `favorite`
--

INSERT INTO `favorite` (`favorite_id`, `user_id`, `pet_id`) VALUES
(10001, 10001, 10001),
(10002, 10002, 10002),
(10003, 10003, 10003),
(10004, 10004, 10004),
(10005, 10005, 10005),
(10006, 10006, 10006),
(10007, 10007, 10007),
(10008, 10008, 10008),
(10009, 10009, 10009),
(10010, 10010, 10010);

-- --------------------------------------------------------

--
-- 資料表結構 `mypet`
--

CREATE TABLE `mypet` (
  `mypet_id` int(11) NOT NULL,
  `user_id` int(11) NOT NULL,
  `pet_id` int(11) NOT NULL
) ENGINE=InnoDB DEFAULT CHARSET=utf8mb4 COLLATE=utf8mb4_general_ci;

--
-- 傾印資料表的資料 `mypet`
--

INSERT INTO `mypet` (`mypet_id`, `user_id`, `pet_id`) VALUES
(10001, 10001, 10001),
(10002, 10002, 10002),
(10003, 10003, 10003),
(10004, 10004, 10004),
(10005, 10005, 10005),
(10006, 10006, 10006),
(10007, 10007, 10007),
(10008, 10008, 10008),
(10009, 10009, 10009),
(10010, 10010, 10010);

-- --------------------------------------------------------

--
-- 資料表結構 `notice_adoptinfo`
--

CREATE TABLE `notice_adoptinfo` (
  `question_adopt_id` int(11) NOT NULL,
  `main_question` varchar(60) NOT NULL,
  `small_question` varchar(60) NOT NULL,
  `faq_answer` text NOT NULL
) ENGINE=InnoDB DEFAULT CHARSET=utf8mb4 COLLATE=utf8mb4_general_ci;

--
-- 傾印資料表的資料 `notice_adoptinfo`
--

INSERT INTO `notice_adoptinfo` (`question_adopt_id`, `main_question`, `small_question`, `faq_answer`) VALUES
(10001, '認養事項', '認養前準備', '在這種不可避免的衝突下，我們必須解決這個問題。儘管狗狗看似不顯眼，卻佔據了我的腦海。對於狗狗，我們不能不去想，卻也不能走'),
(10002, '準備用品', '玩具跟零食', '在這種不可避免的衝突下，我們必須解決這個問題。儘管狗狗看似不顯眼，卻佔據了我的腦海。對於狗狗，我們不能不去想，卻也不能走'),
(10003, '貓貓相關', '適合貓的環境', '在這種不可避免的衝突下，我們必須解決這個問題。儘管狗狗看似不顯眼，卻佔據了我的腦海。對於狗狗，我們不能不去想，卻也不能走'),
(10004, '認養事項', '認養前準備', '在這種不可避免的衝突下，我們必須解決這個問題。儘管狗狗看似不顯眼，卻佔據了我的腦海。對於狗狗，我們不能不去想，卻也不能走'),
(10005, '認養程序', '年齡限制', '在這種不可避免的衝突下，我們必須解決這個問題。儘管狗狗看似不顯眼，卻佔據了我的腦海。對於狗狗，我們不能不去想，卻也不能走'),
(10006, '貓貓相關', '適合貓的環境', '在這種不可避免的衝突下，我們必須解決這個問題。儘管狗狗看似不顯眼，卻佔據了我的腦海。對於狗狗，我們不能不去想，卻也不能走'),
(10007, '認養程序', '年齡限制', '在這種不可避免的衝突下，我們必須解決這個問題。儘管狗狗看似不顯眼，卻佔據了我的腦海。對於狗狗，我們不能不去想，卻也不能走'),
(10008, '準備用品', '玩具跟零食', '在這種不可避免的衝突下，我們必須解決這個問題。儘管狗狗看似不顯眼，卻佔據了我的腦海。對於狗狗，我們不能不去想，卻也不能走'),
(10009, '認養程序', '年齡限制', '在這種不可避免的衝突下，我們必須解決這個問題。儘管狗狗看似不顯眼，卻佔據了我的腦海。對於狗狗，我們不能不去想，卻也不能走'),
(10010, '狗狗相關', '大型狗需要的場地', '在這種不可避免的衝突下，我們必須解決這個問題。儘管狗狗看似不顯眼，卻佔據了我的腦海。對於狗狗，我們不能不去想，卻也不能走');

-- --------------------------------------------------------

--
-- 資料表結構 `online_virtual_adoption_form`
--

CREATE TABLE `online_virtual_adoption_form` (
  `adopt_id` int(11) NOT NULL,
  `pet_id` int(11) NOT NULL,
  `user_id` int(11) NOT NULL,
  `donation_method` varchar(8) NOT NULL,
  `amount` int(11) NOT NULL,
  `payment` varchar(7) NOT NULL,
  `donation` varchar(8) NOT NULL,
  `donate_address` varchar(8) NOT NULL
) ENGINE=InnoDB DEFAULT CHARSET=utf8mb4 COLLATE=utf8mb4_general_ci;

--
-- 傾印資料表的資料 `online_virtual_adoption_form`
--

INSERT INTO `online_virtual_adoption_form` (`adopt_id`, `pet_id`, `user_id`, `donation_method`, `amount`, `payment`, `donation`, `donate_address`) VALUES
(10001, 10001, 10001, '定期扣款', 100, '銀行轉帳', '緊急需要 ', '地址'),
(10002, 10002, 10002, '單次捐贈', 200, '銀行轉帳', '不指定', '信箱'),
(10003, 10003, 10003, '定期扣款', 300, '銀行轉帳', '緊急需要', '地址'),
(10004, 10004, 10004, '定期扣款', 400, '銀行轉帳', '緊急需要', '信箱'),
(10005, 10005, 10005, '定期扣款', 500, '銀行轉帳', '緊急需要', '地址'),
(10006, 10006, 10006, '單次捐贈', 600, '銀行轉帳', '不指定', '信箱'),
(10007, 10007, 10007, '定期扣款', 700, '銀行轉帳', '絕孕計畫 ', '地址 '),
(10008, 10008, 10008, '定期扣款', 800, '銀行轉帳', '絕孕計畫', '信箱'),
(10009, 10009, 10009, '單次捐贈', 900, '銀行轉帳 ', ' 不指定', ' 地址'),
(10010, 10010, 10010, '單次捐贈', 2000, '銀行轉帳 ', ' 不指定', ' 地址'),
(10011, 10001, 10001, '定期扣款', 100, '銀行轉帳', '緊急需要', '地址'),
(10012, 10002, 10002, '單次捐贈', 200, '銀行轉帳', '不指定', '信箱'),
(10013, 10003, 10003, '定期扣款', 300, '銀行轉帳', '緊急需要', '地址'),
(10014, 10004, 10004, '定期扣款', 400, '銀行轉帳', '緊急需要', '信箱'),
(10015, 10005, 10005, '定期扣款', 500, '銀行轉帳', '緊急需要', '地址'),
(10016, 10006, 10006, '單次捐贈', 600, '銀行轉帳', '不指定', '信箱'),
(10017, 10007, 10007, '定期扣款', 700, '銀行轉帳', '絕孕計畫', '地址'),
(10018, 10008, 10008, '定期扣款', 800, '銀行轉帳', '絕孕計畫', '信箱'),
(10019, 10009, 10009, '單次捐贈', 900, '銀行轉帳', '絕孕計畫', '信箱'),
(10020, 10010, 10010, '定期扣款', 1000, '銀行轉帳', '絕孕計畫', '信箱'),
(10021, 10001, 10001, '定期扣款', 100, '銀行轉帳', '緊急需要', '地址'),
(10022, 10002, 10002, '單次捐贈', 200, '銀行轉帳', '不指定', '信箱'),
(10023, 10003, 10003, '定期扣款', 300, '銀行轉帳', '緊急需要', '地址'),
(10024, 10004, 10004, '定期扣款', 400, '銀行轉帳', '緊急需要', '信箱'),
(10025, 10005, 10005, '定期扣款', 500, '銀行轉帳', '緊急需要', '地址'),
(10026, 10006, 10006, '單次捐贈', 600, '銀行轉帳', '不指定', '信箱'),
(10027, 10007, 10007, '定期扣款', 700, '銀行轉帳', '絕孕計畫', '地址'),
(10028, 10008, 10008, '定期扣款', 800, '銀行轉帳', '絕孕計畫', '信箱'),
(10029, 10009, 10009, '單次捐贈', 900, '銀行轉帳', '絕孕計畫', '信箱'),
(10030, 10010, 10010, '定期扣款', 1000, '銀行轉帳', '絕孕計畫', '信箱'),
(10031, 10001, 10001, '定期扣款', 100, '銀行轉帳', '緊急需要', '地址'),
(10032, 10002, 10002, '單次捐贈', 200, '銀行轉帳', '不指定', '信箱'),
(10033, 10003, 10003, '定期扣款', 300, '銀行轉帳', '緊急需要', '地址'),
(10034, 10004, 10004, '定期扣款', 400, '銀行轉帳', '緊急需要', '信箱'),
(10035, 10005, 10005, '定期扣款', 500, '銀行轉帳', '緊急需要', '地址'),
(10036, 10006, 10006, '單次捐贈', 600, '銀行轉帳', '不指定', '信箱'),
(10037, 10007, 10007, '定期扣款', 700, '銀行轉帳', '絕孕計畫', '地址'),
(10038, 10008, 10008, '定期扣款', 800, '銀行轉帳', '絕孕計畫', '信箱'),
(10039, 10009, 10009, '單次捐贈', 900, '銀行轉帳', '絕孕計畫', '信箱'),
(10040, 10010, 10010, '定期扣款', 1000, '銀行轉帳', '絕孕計畫', '信箱');

-- --------------------------------------------------------

--
-- 資料表結構 `order_detail`
--

CREATE TABLE `order_detail` (
  `order_detail_id` int(11) NOT NULL,
  `product_id` int(11) NOT NULL,
  `amount` int(11) NOT NULL,
  `unit_price` int(11) NOT NULL,
  `totail_price` int(11) NOT NULL
) ENGINE=InnoDB DEFAULT CHARSET=utf8mb4 COLLATE=utf8mb4_general_ci;

--
-- 傾印資料表的資料 `order_detail`
--

INSERT INTO `order_detail` (`order_detail_id`, `product_id`, `amount`, `unit_price`, `totail_price`) VALUES
(10001, 10001, 2, 1216, 2432),
(10002, 10002, 5, 269, 1345),
(10003, 10003, 6, 1385, 8310),
(10004, 10004, 40, 29, 1160),
(10005, 10005, 10, 48, 480),
(10006, 10006, 10, 48, 480),
(10007, 10007, 10, 89, 890),
(10008, 10008, 8, 299, 2392),
(10009, 10009, 9, 135, 1215),
(10010, 10010, 10, 376, 3760),
(10011, 10011, 1, 456, 456),
(10012, 10012, 2, 2168, 4336),
(10013, 10013, 2, 2399, 4798),
(10014, 10014, 3, 1320, 3960),
(10015, 10015, 5, 77, 385),
(10016, 10016, 6, 29, 174),
(10017, 10017, 7, 269, 1883),
(10018, 10018, 8, 1350, 10800),
(10019, 10019, 9, 799, 7191),
(10020, 10020, 7, 399, 2793);

-- --------------------------------------------------------

--
-- 資料表結構 `order_history`
--

CREATE TABLE `order_history` (
  `order_id` int(11) NOT NULL,
  `user_id` int(11) NOT NULL,
  `order_detail_id` int(11) NOT NULL,
  `recipient_name` varchar(8) NOT NULL,
  `recipient_phone` varchar(10) NOT NULL,
  `order_date` datetime NOT NULL,
  `order_remark` varchar(80) DEFAULT NULL,
  `delivery_method` varchar(8) NOT NULL,
  `payment_method` varchar(8) NOT NULL,
  `recipient_address_detail` varchar(80) NOT NULL,
  `status` varchar(8) NOT NULL,
  `Invoice_no` varchar(8) NOT NULL
) ENGINE=InnoDB DEFAULT CHARSET=utf8mb4 COLLATE=utf8mb4_general_ci;

--
-- 傾印資料表的資料 `order_history`
--

INSERT INTO `order_history` (`order_id`, `user_id`, `order_detail_id`, `recipient_name`, `recipient_phone`, `order_date`, `order_remark`, `delivery_method`, `payment_method`, `recipient_address_detail`, `status`, `Invoice_no`) VALUES
(10001, 10001, 10001, '侯幸英', '0962689725', '2024-02-13 03:23:43', '記得包裝得好一點，不要讓商品壞掉了。', '超商取貨', '貨到付款', '臺中市北區青島路２段71號之15', '已送達', '/J9IP1P2'),
(10002, 10002, 10002, '柳彥良', '0966164609', '2024-02-14 03:23:43', '請務必確保送貨地址準確無誤，上次送錯了地址造成了一些麻煩。', '超商取貨', '貨到付款', '彰化縣和美鎮北庭路92號', '未出貨', '/J9IP1P3'),
(10003, 10003, 10003, '林雅君', '0976349794', '2024-02-15 03:23:43', '希望商品能盡快送達，我急著要用。', '超商取貨', '貨到付款', '宜蘭縣三星鄉忠平路45號8樓', '未出貨', '/J9IP1P4'),
(10004, 10004, 10004, '林立一', '0901947560', '2024-02-16 03:23:43', '麻煩包裝時不要用塑膠袋，我們家已經盡量減少使用塑膠了。', '宅配', '貨到付款', '宜蘭縣冬山鄉武罕七路96號之9', '未出貨', '/J9IP1P5'),
(10005, 10005, 10005, '潘若天', '0996918465', '2024-02-17 03:23:43', '如果可以的話，請用快遞公司送貨，比較方便取貨。', '宅配', '貨到付款', '新竹市北區東大路４段19號之2', '未出貨', '/J9IP1P6'),
(10006, 10006, 10006, '溫怡君', '0974367928', '2024-02-18 03:23:43', '請不要在包裝上留下價格標籤，這是一份禮物。', '宅配', '貨到付款', '臺東縣臺東市新站路14號', '未出貨', '/J9IP1P7'),
(10007, 10007, 10007, '王儒容', '0980036395', '2024-02-19 03:23:43', '請在運送前確認訂單的準確性，以避免發生錯誤運送。', '宅配', '貨到付款', '彰化縣芳苑鄉延平巷19號', '未出貨', '/J9IP1P8'),
(10008, 10008, 10008, '蔡淑貞', '0997096074', '2024-02-20 03:23:43', '請務必確保送貨地址準確無誤', '宅配', '信用卡', '桃園市大園區平南路97號4樓之6', '未出貨', '/J9IP1P9'),
(10009, 10009, 10009, '林美珍', '0901730880', '2024-02-21 03:23:43', '請確保在運送前填寫完整的運送資訊，以免延誤運送時間。', '宅配', '信用卡', '臺中市西屯區大有西街81號5樓', '運送中', '/J9IP110'),
(10010, 10010, 10010, '蔡琬芝', '0997739872', '2024-02-22 03:23:43', '請用快遞公司送貨', '宅配', '信用卡', '彰化縣倉北巷6號12樓', '運送中', '/J9IP111'),
(10011, 10011, 10011, '侯幸英', '0962689725', '2024-02-23 03:23:43', '記得包裝得好一點，不要讓商品壞掉了。', '超商取貨', '貨到付款', '臺中市北區青島路２段71號之15', '已出貨', '/J9IP1P2'),
(10012, 10012, 10012, '王小美', '0934123456', '2024-02-24 03:23:43', '希望能在下午送達，謝謝!', '宅配', '信用卡', '高雄市三民區民族一路238號7樓', '未出貨', '/K5QW2A4'),
(10013, 10013, 10013, '李小強', '0987123456', '2024-03-04 03:23:43', '需要特殊配送，請注意商品安全。', '宅配', '信用卡', '新北市新店區中興路123號', '訂單取消', '/R7WV3Z8'),
(10014, 10014, 10014, '張小華', '0918123456', '2024-02-26 03:23:43', '訂單商品易碎，請小心處理。', '超商取貨', '貨到付款', '臺南市北區成功路123號', '已送達', '/T8YX4B1'),
(10015, 10015, 10015, '陳小明', '0956123456', '2024-02-27 03:23:43', '特別備註：商品顏色以紅色為主。', '宅配', '信用卡', '臺中市南屯區文心路98號', '已出貨', '/U9ZA2C3'),
(10016, 10016, 10016, '林小美', '0978123456', '2024-02-28 03:23:43', '送貨時間請儘量選在下午兩點後。', '超商取貨', '貨到付款', '高雄市前鎮區中華五路678號', '運送中', '/V0BX5D4'),
(10017, 10017, 10017, '吳小菁', '0926123456', '2024-02-29 03:23:43', '訂單內容需保密，請注意。', '宅配', '信用卡', '臺北市信義區松高路456號', '已送達', '/P6CO9E7'),
(10018, 10018, 10018, '蔡小龍', '0989123456', '2024-03-01 03:23:43', '希望能在晚上六點前送達，謝謝。', '宅配', '銀行轉帳', '新竹市東區中央路789號', '未出貨', '/Q3DN8F6'),
(10019, 10019, 10019, '許小花', '0952123456', '2024-03-02 03:23:43', '商品有保鮮需求，請盡速配送。', '快遞', '信用卡', '臺中市北區北屯路345號', '已送達', '/S4EM7G5'),
(10020, 10020, 10020, '劉小勇', '0936123456', '2024-03-03 03:23:43', '訂單緊急，請盡快處理。', '超商取貨', '貨到付款', '高雄市左營區新莊一路123號', '已送達', '/R1WQ2Z9');

-- --------------------------------------------------------

--
-- 資料表結構 `pet_action`
--

CREATE TABLE `pet_action` (
  `action_id` int(11) NOT NULL,
  `pet_id` int(11) NOT NULL,
  `sit` tinyint(1) NOT NULL,
  `down` tinyint(1) NOT NULL,
  `hand` tinyint(1) NOT NULL,
  `stay` tinyint(1) NOT NULL,
  `toilet` tinyint(1) NOT NULL,
  `bark` tinyint(1) NOT NULL,
  `respond` tinyint(1) NOT NULL,
  `follow` tinyint(1) NOT NULL,
  `mobility` decimal(3,2) NOT NULL,
  `adaptability` decimal(3,2) NOT NULL,
  `lively` decimal(3,2) NOT NULL,
  `affectionate` decimal(3,2) NOT NULL
) ENGINE=InnoDB DEFAULT CHARSET=utf8mb4 COLLATE=utf8mb4_general_ci;

-- --------------------------------------------------------

--
-- 資料表結構 `pet_info`
--

CREATE TABLE `pet_info` (
  `pet_id` int(11) NOT NULL,
  `personality_type` varchar(6) DEFAULT NULL,
  `name` varchar(10) NOT NULL,
  `tag` varchar(14) NOT NULL,
  `age` int(11) NOT NULL,
  `type` varchar(2) NOT NULL,
  `weight` int(11) NOT NULL,
  `gender` varchar(4) NOT NULL,
  `breeds` varchar(10) NOT NULL,
  `color` varchar(10) NOT NULL,
  `adopted` varchar(2) NOT NULL,
  `fixed` varchar(2) NOT NULL,
  `microchip` varchar(2) NOT NULL,
  `vaccine` varchar(2) NOT NULL,
  `deworm` varchar(2) NOT NULL,
  `pic1` int(100) DEFAULT NULL,
  `pic2` int(100) DEFAULT NULL,
  `pic3` int(100) DEFAULT NULL,
  `pic4` int(100) DEFAULT NULL,
  `pic5` int(100) DEFAULT NULL,
  `pic6` int(11) NOT NULL,
  `pic7` int(11) NOT NULL,
  `pic8` int(11) NOT NULL,
  `pet_story` varchar(300) NOT NULL,
  `habbit` varchar(300) NOT NULL,
  `sign` varchar(6) NOT NULL,
  `favorite` tinyint(1) NOT NULL,
  `pee` tinyint(1) NOT NULL,
  `blue` tinyint(1) NOT NULL,
  `skin` tinyint(1) NOT NULL,
  `disability` tinyint(1) NOT NULL,
  `blind` tinyint(1) NOT NULL
) ENGINE=InnoDB DEFAULT CHARSET=utf8mb4 COLLATE=utf8mb4_general_ci;

--
-- 傾印資料表的資料 `pet_info`
--

INSERT INTO `pet_info` (`pet_id`, `personality_type`, `name`, `tag`, `age`, `type`, `weight`, `gender`, `breeds`, `color`, `adopted`, `fixed`, `microchip`, `vaccine`, `deworm`, `pic1`, `pic2`, `pic3`, `pic4`, `pic5`, `pic6`, `pic7`, `pic8`, `pet_story`, `habbit`, `sign`, `favorite`, `pee`, `blue`, `skin`, `disability`, `blind`) VALUES
(10001, '樂天型', 'Carson', '活潑好動超陽光', 14, '狗', 18, '公', '黃金獵犬', '黃', '是', '是', '是', '是', '否', 73, NULL, NULL, NULL, NULL, 0, 0, 0, '加一我是要多的名其。喔以幫良我不喜巧克力，果然是溫作，全是學生望不是我可能，嗚嗚嗚準備有人人的上。是這太冷，的時以年畫好', '了但都是想國人以自的耳，什不這樣，真的了他一想，也覺法理解我不要說因為，然不是⋯是能我真的找了', '', 0, 0, 0, 0, 0, 0),
(10002, '敏感型', 'Erika', '黏人好動', 9, '狗', 10, '公', '拉不拉多', '黑', '是', '是', '是', '否', '否', 4, NULL, NULL, NULL, NULL, 0, 0, 0, '是不要劇寫聖誕節後就公，到一堆人的內容，很可好多自應該是：所以你不你可以遺失物？後能弟弟需要上班覺得好，噁心件是真的旅的日⋯誕禮物河道很開心了這樣，可以不好希望給醫生是感覺⋯了一次的回覆到請的創好像有基本⋯放出來是要候都', '有很棒打開給代的度的，的時看漫畫事情了傷，沒就只是靜：最近都有沒有我還出版一超開了一，這些相關來的上都那些，的的對有看', '', 0, 0, 0, 0, 0, 0),
(10003, '適應型', 'Krystyna', '害羞怕生', 5, '貓', 20, '公', '緬甸貓', '棕', '否', '是', '是', '是', '是', 79, NULL, NULL, NULL, NULL, 0, 0, 0, '在床在的數了也好他的手，大真我也覺手上我這樣道啊真的⋯前都人在幹幹無關們怎麼，的活動懂或同意感覺上榜開發，後有很多次雖然是先把⋯努力配合一吃真的是', '\"自己我只很好玩是，是跟：下一不清麼突禮物自己麼有，來以為對如果', '', 0, 0, 0, 0, 0, 0),
(10004, '獨立型', 'Josi', '活潑耿直', 9, '狗', 6, '公', '柴犬', '黃', '否', '是', '是', '否', '是', 0, NULL, NULL, NULL, NULL, 0, 0, 0, '感覺不客人目前恐怖會至少我點的，浪今一瞬間標到底能造型，大家不易方式誰實就這不。前還如果哈哈哈，了但跟其他一直以要怎，下雨，安達有點難，上來以我因為我算你說，的是也是', '\"了好便還希望大畫了還以為，今天遲遲客真的看到好⋯不用子真的很說的話喜歡你版，本來就其實嗚嗚嗚，朋友猶豫覺得是學我在用，記憶是直啊什麼的這個', '', 0, 0, 0, 0, 0, 0),
(10005, '自信型', 'Gisela', '黏人太活潑', 4, '貓', 6, '母', '美國短毛貓5', '雜色', '是', '否', '是', '是', '是', 0, NULL, NULL, NULL, NULL, 0, 0, 0, '的訊息那邊，一個月一直都愛喔應該是，的畫面日本人我真的突然想知道那：像我的感覺，期待想謝謝您是現他入坑擊，超好笑寫著。給他，情的車可愛上不不是都，說什行為⋯的方式個月定將他，問題自己的國人可，天我他真的照片鬼但因為', '輕大家都對不起太可愛，起來的留總之就，第一次反正結情況我跟了嗎⋯理解灣後這個我天了過：算是態然很手機就知道不意外，有人現在看即使', '', 0, 0, 0, 0, 0, 0),
(10006, '獨立型', 'Ellswerth', '酷酷超陽光', 1, '貓', 8, '母', '緬甸貓', '棕', '是', '是', '否', '否', '否', 69, NULL, NULL, NULL, NULL, 0, 0, 0, '蝴蝶根本就，我就是也太能口袋，點好實也東尼。真的快說沒友不會有，品的上的情況下，謝謝想像都會有到後喔喔喔，原因是我認為', '兩個都我不是在吵架到最，要你和角色也還是沒時間開放匯款⋯時間他只當時這樣，了所以有問題我本可愛的，時間享陽，成這樣順帶一是我沒親友麼時候', '', 0, 0, 0, 0, 0, 0),
(10007, '自信型', 'Carla', '耿直超陽光', 6, '貓', 5, '母', '孟加拉貓', '棕', '是', '是', '是', '是', '否', 0, NULL, NULL, NULL, NULL, 0, 0, 0, '\"那麼好這個人大家他人的⋯太滿好可愛家，的子紅還是可以接花錢也就需要，死掉們都是，只是睡了也有，可果還是的狀會一直會啊啊啊。就在知道就是一很努力都還，孩是沒想到，當年了現支持', '也不敢進去口其實花的東西？拍拍法律有我，的冷了好看喔。我過那以，怎麼可需求米東尼而且這面的覺得，辛苦了這樣，我就是不是的所以', '', 0, 0, 0, 0, 0, 0),
(10008, '樂天型', 'Petr', '樂天好開心', 1, '狗', 12, '公', '拉不拉多', '黃', '是', '是', '否', '否', '是', 5, NULL, NULL, NULL, NULL, 0, 0, 0, '的訊息那邊，一個月一直都愛喔應該是，的畫面日本人我真的突然想知道那：像我的感覺，期待想謝謝您是現他入坑擊，超好笑寫著。給他，情的車可愛上不不是都，說什行為⋯的方式個月定將他，問題自己的國人可，天我他真的照片鬼但因為8', '有趣能看更有這附近，就能媽嗚嗚嗚，愛的小想我可愛了了嗎，天早好好看，一週在了張我也要大家到謝各，在這完成分的尋去看看道為什', '', 0, 0, 0, 0, 0, 0),
(10009, '敏感型', 'Manda', '黏人怕生', 12, '狗', 28, '公', '杜賓', '黑', '否', '是', '否', '否', '否', 8, NULL, NULL, NULL, NULL, 0, 0, 0, '他們⋯多的機會，結果我這個看得到的我。溫度我，讓之後是日然覺得⋯一張啊啊真的覺，我之前的是是人，很好嚇到好好之後要，只是想也不會', '得有社會這是一好可愛半我昨天，做的是不都在是真的', '', 0, 0, 0, 0, 0, 0),
(10010, '樂天型', 'Codie', '樂天好動', 14, '狗', 15, '母', '柴犬', '黑', '是', '否', '否', '否', '是', 0, NULL, NULL, NULL, NULL, 0, 0, 0, '長的很不時會大家為了害是說，櫻桃有內醫一點的最重：不只是見了現在還，想到會的結果以不，設不覺得⋯實我有不現在來了店昨天', '\"要喜歡的辛苦了而我超販，工作味道不滿跨年，居搬生輕鬆人不會啦反，超好看的試看哥哥ＷＷＷ⋯久其實我很快就在時候歡出去，級怎麼覺得這', '', 0, 0, 0, 0, 0, 0),
(10039, '敏感型', 'Pablo', '黏人博士', 3, '貓', 0, '公', '', '', '是', '', '', '', '', 6, NULL, NULL, NULL, NULL, 0, 0, 0, '', '', '', 0, 0, 0, 0, 0, 0),
(10040, '敏感型', 'Shirl', '酷酷超陽光', 25, '狗', 0, '母', '', '', '否', '', '', '', '', 1376, NULL, NULL, NULL, NULL, 0, 0, 0, '', '', '', 0, 0, 0, 0, 0, 0),
(10041, '獨立型', 'Northrop', '溫暖博士', 19, '貓', 0, '公', '', '', '是', '', '', '', '', 0, NULL, NULL, NULL, NULL, 0, 0, 0, '', '', '', 0, 0, 0, 0, 0, 0),
(10042, '適應型', 'Aindrea', '好動小孩', 17, '狗', 0, '母', '', '', '否', '', '', '', '', 0, NULL, NULL, NULL, NULL, 0, 0, 0, '', '', '', 0, 0, 0, 0, 0, 0),
(10043, '獨立型', 'Thane', '黏人小孩', 21, '貓', 0, '母', '', '', '否', '', '', '', '', 0, NULL, NULL, NULL, NULL, 0, 0, 0, '', '', '', 0, 0, 0, 0, 0, 0);

-- --------------------------------------------------------

--
-- 資料表結構 `product`
--

CREATE TABLE `product` (
  `product_id` int(11) NOT NULL,
  `name` varchar(100) NOT NULL,
  `brand_name` varchar(30) NOT NULL,
  `price` int(11) NOT NULL,
  `pic` varchar(100) DEFAULT NULL,
  `type` varchar(8) NOT NULL,
  `species` varchar(3) NOT NULL,
  `information` varchar(400) NOT NULL
) ENGINE=InnoDB DEFAULT CHARSET=utf8mb4 COLLATE=utf8mb4_general_ci;

--
-- 傾印資料表的資料 `product`
--

INSERT INTO `product` (`product_id`, `name`, `brand_name`, `price`, `pic`, `type`, `species`, `information`) VALUES
(10001, '柴犬成犬 4公斤 (狗飼料)-法國皇家 Royal Canin', '法國皇家 Royal Canin', 1216, 'a951460d3dbbf2532139d0d1f16136df3e4649ca.jpg', '寵物飼料', '狗寶貝', ''),
(10002, '幼貓高鈣營養膏 50克', '竣寶 Gimpet ', 269, '7566ebb1aaea6ca2090f348f282a128f59bf2978.jpg', '保健食品', '貓寶貝', ''),
(10003, '室內成貓 4公斤 (貓飼料)-法國皇家 Royal Canin', '法國皇家 Royal Canin', 1385, 'ac81d3f0f5579917f36927aad53de34bddca10ca.jpg', '寵物飼料', '貓寶貝', ''),
(10004, 'Dr.Wish狗罐85克【雞+菜+鮪魚油(綠)】', '惜時 SEEDS', 29, '9d84d551a2116d82e8eb04835c89c5e13ef8683f.jpg', '寵物罐頭', '狗寶貝', ''),
(10005, '沛可寵鮮貓餐罐 85克【鮮嫩雞肉+美味起司】-PekoPeko沛可', 'PekoPeko沛可', 48, '26060e63f76c3cd7d6a87898b8396b69985fb047.jpg', '寵物罐頭', '貓寶貝', ''),
(10006, '啾嚕迷你捲心塊 雞肉+地瓜(狗零食)', 'PekoPeko沛可', 48, 'cc36548b77eefc36585dd947d2edf03d8bfa1cb5.jpg', '寵物零食', '狗寶貝', ''),
(10007, '【日本製】啾嚕管狀肉泥80克【雞肉】(貓零食)', 'PekoPeko沛可', 89, '95a18d8bca9024d96db2be98ddc79b38a2aa971b.jpg', '寵物零食', '貓寶貝', ''),
(10008, '寵物潔牙牙刷玩具 馬卡龍黃色 M(10x3x2.5公分)(狗玩具)', '小小毛孩 Little poppet', 299, '792872530cbd5c352d3094661d8f9c78551ee0ae.jpg', '寵物用品', '狗寶貝', ''),
(10009, '三節式 伸縮逗貓棒 玫紅小魚 (貓玩具)', 'Ourpets', 135, 'a25a48792300acac3fe10817954372ba4440055f.jpg', '寵物用品', '貓寶貝', ''),
(10010, '亮眼口服保健營養品 30ml(狗用)', '倍力BLUE BAY', 376, '2d3ad6f71471fc230373bb425acac6157d3afad2.jpg', '保健食品', '狗寶貝', ''),
(10011, '超級褐藻潔牙粉20克(貓用)', '樂健飛', 456, 'f4efe4159dec46857781ae9f967039a67f9ab32f.jpg', '保健食品', '貓寶貝', ''),
(10012, '無穀低敏 澳洲羊肉全犬配方(小顆粒) (6.6公斤) (狗飼料)', '第一饗宴', 2168, '50ec660a90cf666784b5e8f91742f260fe1d957e.jpg', '寵物飼料', '狗寶貝', ''),
(10013, '全貓配方 無穀雞肉 5公斤 (貓飼料)', '原點 Instinct', 2399, 'ec26574f3a0ad694303cb9d7761bb19f842e984b.jpg', '寵物飼料', '貓寶貝', ''),
(10014, 'SHNW 離乳犬與母犬專用慕斯STM 195克 (24入) (狗主食餐罐)(整箱罐罐)', '法國皇家 Royal Canin', 1320, 'ca2c23123e3f5665def28cd0d64d5740bde481da.jpg', '寵物罐頭', '狗寶貝', ''),
(10015, '無穀成貓主食鮮味杯3.5oz【鮪魚】(1入)(貓主食罐)', '原點 Instinct', 77, '118b4bc97ab8846d25aaf2197ca187ee456e1e62.jpg', '寵物罐頭', '貓寶貝', ''),
(10016, '耐嚼型潔牙棒85克牛肉風味(支1包)(狗零食潔牙骨)', 'GOODIES', 29, '75743f3e4d4f7d44ac6f2a959da602b5455a25a6.jpg', '寵物零食', '狗寶貝', ''),
(10017, '韓國 By Cat 貓咪凍乾零食 鱈魚 60克 (貓零食)-韓國CatChup喵洽普', '韓國CatChup喵洽普', 269, '34b102bb4610d0249362b57a9916dd4d1521dcf4.jpg', '寵物零食', '貓寶貝', ''),
(10018, '寵物防蟻碗架組 綠', 'SPUTNIK', 1350, '51ffac39f01fc54c0374983a686620e4ac0ad5ac.jpg', '寵物用品', '狗寶貝', ''),
(10019, '半個樓 貓屋 54*35*41公分-喵旺家族 Pet and Pets', '喵旺家族 Pet and Pets', 799, '213781b6dba4aa77e3d9ce2a2973e1958b802f5d.jpg', '寵物用品', '貓寶貝', ''),
(10020, '毛孩每日健康賞 幼犬+黃金成長賞30克(30包/盒)(狗保健用品)', '毛起來', 399, '8e9eca4824fde15cc1a895788b58f9f9a4be224b.jpg', '保健食品', '狗寶貝', ''),
(10022, '', '', 0, NULL, '', '', '');

-- --------------------------------------------------------

--
-- 資料表結構 `psycological_test`
--

CREATE TABLE `psycological_test` (
  `question_id` int(11) NOT NULL,
  `question_content` varchar(50) NOT NULL,
  `option_a` varchar(30) NOT NULL,
  `option_b` varchar(30) NOT NULL,
  `option_c` varchar(30) NOT NULL,
  `option_d` varchar(30) NOT NULL,
  `option_value_a` int(11) NOT NULL,
  `option_value_b` int(11) NOT NULL,
  `option_value_c` int(11) NOT NULL,
  `option_value_d` int(11) NOT NULL
) ENGINE=InnoDB DEFAULT CHARSET=utf8mb4 COLLATE=utf8mb4_general_ci;

--
-- 傾印資料表的資料 `psycological_test`
--

INSERT INTO `psycological_test` (`question_id`, `question_content`, `option_a`, `option_b`, `option_c`, `option_d`, `option_value_a`, `option_value_b`, `option_value_c`, `option_value_d`) VALUES
(10001, '你面對困難時的第一個反應是：', ' 立即解決問題', ' 尋求他人的建議', '靜待事情好轉', '快速做出暫時性決策', 1, 2, 3, 4),
(10002, '你喜歡的社交活動是：', ' 大型派對', '小團體聚會', '獨自享受寧靜時光', '參與志願服務或社區活動', 4, 3, 2, 1),
(10003, '當你感到壓力時，你會：', '選擇運動或活動', '找朋友倾诉', '需要一段獨處時間', '喜歡保持獨立，不與他人分享', 3, 2, 1, 4),
(10004, '你對於未來的看法是：', '樂觀，充滿希望', '實際，踏實計劃', '隨遇而安，不做過多預期', '認為未來是一個迷人的謎題', 2, 3, 4, 1),
(10005, '你在工作或學業中更注重：', ' 成果和成就', '團隊合作', '個人成長和學習', '與他人建立良好的人際關係', 1, 4, 2, 3),
(10006, '當你感到不安時，你會：', '與朋友討論 ', '尋找冥想或放鬆的方法', '放鬆的大自然漫遊', '喜歡沉浸在音樂或藝術中', 2, 1, 3, 4),
(10007, '你在做決定時通常會：', ' 聽取他人的建議', '考慮自己的感覺', '採取積極行動解決問題', '依靠直覺和第一印象', 3, 4, 1, 2),
(10008, '你對於未知事物的反應是：', ' 興奮和好奇', '謹慎和藉由資訊獲取安全感', '依循邏輯和事實', '視未知為挑戰並迎接', 4, 3, 2, 1),
(10009, '你對於計畫和組織的態度是：', '喜歡事先計畫 ', '保持彈性，不受拘束', '無所謂，隨遇而安', '更喜歡隨心所欲，不受約束', 3, 2, 1, 4),
(10010, '在壓力下，你更傾向於：', ' 變得更有組織', '變得更富創造力', '視情況而定，靈活應對', '表現出冷靜和冷靜', 2, 1, 4, 3);

-- --------------------------------------------------------

--
-- 資料表結構 `psycological_test_result`
--

CREATE TABLE `psycological_test_result` (
  `result_id` int(11) NOT NULL,
  `personality_type` varchar(6) DEFAULT NULL,
  `pic` varchar(100) DEFAULT NULL,
  `type__content` varchar(200) NOT NULL
) ENGINE=InnoDB DEFAULT CHARSET=utf8mb4 COLLATE=utf8mb4_general_ci;

--
-- 傾印資料表的資料 `psycological_test_result`
--

INSERT INTO `psycological_test_result` (`result_id`, `personality_type`, `pic`, `type__content`) VALUES
(10001, '敏感型', 'e3e63c5e3815fbe6fcd576f5d1b1cb068164d08c.jpg', '這類型的貓狗面對不同的人事物很容易會出現情緒激動等，或是面對新狀況時顯得膽小、缺乏安全感。對待害羞又敏感的狗狗，就要多花一點耐心與愛。'),
(10002, '樂天型', 'c05692dbd4a2985fdcdd0759ec3f60a2e01812de.jpg', '樂天型的貓狗精力充沛，他們愛所有人、愛玩耍。不過這種性格的狗狗往往太過熱情，一些大型犬若沒有從小訓練很可能「沒禮貌」地跳上人家的身上表示歡迎。所以適當地教導他們冷靜、禮貌與服從你的命令很重要\r\n'),
(10003, '獨立型', 'fc17cf3ace4b4ea91d738694fbe4241ce691c04f.jpg', '獨立型的貓狗通常只願意與他認可的一兩個人建立關係，對待其他人就感覺很冷漠。就算主人不在，他們通常也能將自己照顧得很好。\r\n'),
(10004, '自信型', '49834870db47f2e7625d3b189693d61688a4e4df.jpg', '自信型的貓狗善於擔任領導者的角色。他善於面對新情況，表現勇敢、甚至出現興奮的態度；在肢體語言上也充滿信心。\r\n'),
(10005, '適應型', '3718c166183a336366e2fcb0dece46d96ad95317.jpg', '這類型的貓狗最好相處了，也最容易訓練。他們通常願意主動去取悅主人，但不會如樂天型的那麼熱情、過於失控；個性友好、冷靜、有愛心，和不同的小動物也能相處得很好，展現成熟的姿態\r\n');

-- --------------------------------------------------------

--
-- 資料表結構 `reserve_system`
--

CREATE TABLE `reserve_system` (
  `reservation_id` int(11) NOT NULL,
  `pet_id` int(11) NOT NULL,
  `user_id` int(11) NOT NULL,
  `time` datetime NOT NULL
) ENGINE=InnoDB DEFAULT CHARSET=utf8mb4 COLLATE=utf8mb4_general_ci;

--
-- 傾印資料表的資料 `reserve_system`
--

INSERT INTO `reserve_system` (`reservation_id`, `pet_id`, `user_id`, `time`) VALUES
(10001, 10001, 10001, '2024-03-18 10:00:00'),
(10002, 10002, 10002, '2024-04-12 11:00:00'),
(10003, 10003, 10003, '2024-05-18 12:00:00'),
(10004, 10004, 10004, '2024-03-17 13:00:00'),
(10005, 10005, 10005, '2024-01-28 14:00:00'),
(10006, 10006, 10006, '2024-03-31 15:00:00'),
(10007, 10007, 10007, '2024-06-12 16:00:00'),
(10008, 10008, 10008, '2024-09-19 17:00:00'),
(10009, 10009, 10009, '2024-11-20 18:00:00'),
(10010, 10010, 10010, '2024-04-26 19:00:00'),
(10011, 10001, 10001, '2024-03-18 10:00:00'),
(10012, 10002, 10002, '2024-04-12 11:00:00'),
(10013, 10003, 10003, '2024-05-18 12:00:00'),
(10014, 10004, 10004, '2024-03-17 13:00:00'),
(10015, 10005, 10005, '2024-01-28 14:00:00'),
(10016, 10006, 10006, '2024-03-31 15:00:00'),
(10017, 10007, 10007, '2024-06-12 16:00:00'),
(10018, 10008, 10008, '2024-09-19 17:00:00'),
(10019, 10009, 10009, '2024-11-20 18:00:00'),
(10020, 10010, 10010, '2024-04-01 19:00:00'),
(10021, 10001, 10001, '2024-03-18 10:00:00'),
(10022, 10002, 10002, '2024-04-12 11:00:00'),
(10023, 10003, 10003, '2024-05-18 12:00:00'),
(10024, 10004, 10004, '2024-03-17 13:00:00'),
(10025, 10005, 10005, '2024-01-28 14:00:00'),
(10026, 10006, 10006, '2024-03-31 15:00:00'),
(10027, 10007, 10007, '2024-06-12 16:00:00'),
(10028, 10008, 10008, '2024-09-19 17:00:00'),
(10029, 10009, 10009, '2024-11-20 18:00:00'),
(10030, 10010, 10010, '2024-04-01 19:00:00'),
(10031, 10001, 10001, '2024-03-18 10:00:00'),
(10032, 10002, 10002, '2024-04-12 11:00:00'),
(10033, 10003, 10003, '2024-05-18 12:00:00'),
(10034, 10004, 10004, '2024-03-17 13:00:00'),
(10035, 10005, 10005, '2024-01-28 14:00:00'),
(10036, 10006, 10006, '2024-03-31 15:00:00'),
(10037, 10007, 10007, '2024-06-12 16:00:00'),
(10038, 10008, 10008, '2024-09-19 17:00:00'),
(10039, 10009, 10009, '2024-11-20 18:00:00'),
(10040, 10010, 10010, '2024-04-01 19:00:00');

-- --------------------------------------------------------

--
-- 資料表結構 `reviews`
--

CREATE TABLE `reviews` (
  `reviews_id` int(11) NOT NULL,
  `product_id` int(7) NOT NULL,
  `user_id` int(7) NOT NULL,
  `content` varchar(100) NOT NULL,
  `time` datetime NOT NULL,
  `score` int(11) NOT NULL
) ENGINE=InnoDB DEFAULT CHARSET=utf8mb4 COLLATE=utf8mb4_general_ci;

--
-- 傾印資料表的資料 `reviews`
--

INSERT INTO `reviews` (`reviews_id`, `product_id`, `user_id`, `content`, `time`, `score`) VALUES
(10001, 10001, 10001, '寵物可能對其中某些成分過敏。', '2024-05-13 07:26:34', 1),
(10002, 10002, 10002, '這款寵物飼料的成分很天然，給寵物提供了均衡的營養。', '2024-05-13 07:26:34', 5),
(10003, 10003, 10003, '這款寵物飼料添加了許多營養成分，有助於寵物健康成長。', '2024-05-13 07:28:08', 4),
(10004, 10004, 10004, '這款寵物飼料的價格相對實惠，適合大眾消費。', '2024-05-13 07:28:08', 5),
(10005, 10005, 10005, '這種寵物飼料的包裝設計很方便，可以輕鬆儲存和使用。', '2024-05-13 07:28:08', 5),
(10006, 10006, 10006, '包裝開啟後難以關閉。', '2024-05-13 07:28:57', 1),
(10007, 10007, 10007, '發現顆粒容易碎裂，可能會造成浪費。', '2024-05-13 07:28:57', 1),
(10008, 10008, 10008, '不含人工添加劑，比較健康安全。', '2024-05-13 07:28:57', 3),
(10009, 10009, 10009, '這款寵物飼料的營養成分含量很高，能夠滿足寵物的日常需求。', '2024-05-13 07:28:57', 5),
(10010, 10010, 10010, '油脂含量過高，容易導致寵物肥胖。', '2024-05-13 07:29:58', 1),
(10011, 10011, 10001, '口味稍顯平淡，寵物可能不太喜歡。', '2024-05-13 07:29:58', 2),
(10012, 10012, 10002, '內容物與外包裝不太相符，有點誇大。', '2024-05-13 07:30:52', 1),
(10013, 10013, 10003, '這款寵物飼料的成分清單清晰明瞭。', '2024-05-13 07:30:52', 3),
(10014, 10014, 10004, '這款寵物飼料的包裝設計簡潔大方，方便存放和攜帶。', '2024-05-13 08:05:29', 5),
(10015, 10015, 10005, '這款寵物飼料添加了許多維生素和礦物質，有助於寵物健康。', '2024-05-13 08:05:29', 5),
(10016, 10016, 10006, '寵物可能對其口感不太感興趣。', '2024-05-13 08:05:53', 2),
(10017, 10017, 10007, '添加的過多，可能導致營養過剩。', '2024-05-13 08:05:53', 1),
(10018, 10018, 10008, '其中的原料來源，希望更多透明化。', '2024-05-13 08:05:53', 1),
(10019, 10019, 10009, '這款寵物飼料的顆粒大小適中，易於消化。', '2024-05-13 08:05:53', 4),
(10020, 10020, 10010, '顆粒過小，寵物可能不太願意咀嚼。', '2024-05-13 08:05:53', 2),
(10021, 10021, 10001, '這款寵物罐頭的肉質不勻，味道普普。', '2024-05-13 08:05:53', 2),
(10022, 10022, 10002, '這款寵物罐頭的成分列表清晰明瞭，不含添加劑和防腐劑，給我的寵物吃得安心。', '2024-05-13 08:05:53', 4),
(10023, 10023, 10003, '口感稍顯平淡，寵物可能不太感興趣。', '2024-05-13 08:05:53', 2),
(10024, 10024, 10004, '這款寵物罐頭添加了多種維生素和礦物質，有助於寵物的全面健康。', '2024-05-13 08:05:53', 3),
(10025, 10025, 10005, '寵物罐頭的外觀設計吸引人，讓人一眼就能被吸引。', '2024-05-13 08:05:53', 4),
(10026, 10026, 10006, '這款寵物罐頭添加了多種口味，滿足不同寵物的口味需求。', '2024-05-13 08:08:05', 5),
(10027, 10027, 10007, '這款寵物罐頭的質地細膩，容易消化，對於消化不良的寵物很適合。', '2024-05-13 08:08:05', 3),
(10028, 10028, 10008, '這款寵物罐頭的外包裝簡潔大方，容易辨認，方便存放。', '2024-05-13 08:08:05', 5),
(10029, 10029, 10009, '這款寵物罐頭的香味濃郁，吸引寵物食慾，食材新鮮。', '2024-05-13 08:08:51', 4),
(10030, 10030, 10010, '罐頭的保存期限較短，容易變質。', '2024-05-13 08:08:51', 2),
(10031, 10031, 10001, '罐頭的份量過小，不夠滿足大食量的寵物。', '2024-05-13 08:09:35', 2),
(10032, 10032, 10002, '寵物罐頭添加了豐富的植物蛋白，有助於寵物獲得全面的營養。', '2024-05-13 08:09:35', 3),
(10033, 10033, 10003, '這款寵物罐頭採用了可回收材料製作，對環境友好。', '2024-05-13 08:09:35', 4),
(10034, 10034, 10004, '寵物罐頭的包裝設計精美，適合作為禮物送給其他寵物主人。', '2024-05-13 08:09:35', 5),
(10035, 10035, 10005, '罐頭添加了Omega-3脂肪酸，有助於維護寵物皮膚和毛髮健康。', '2024-05-13 08:09:35', 3),
(10036, 10036, 10006, '罐頭的食材選擇多樣，滿足了各種寵物的口味喜好。', '2024-05-13 08:09:35', 4),
(10037, 10037, 10007, '食材之間的搭配不夠協調，口感可能稍差。', '2024-05-13 08:09:35', 1),
(10038, 10038, 10008, '添加的草本成分可能對某些寵物引起不適。', '2024-05-13 08:09:35', 1),
(10039, 10039, 10009, '寵物罐頭的包裝尺寸適中，方便攜帶，適合出行時使用。', '2024-05-13 08:09:35', 4),
(10040, 10040, 10010, '這款寵物罐頭的食材來源可追溯，有助於消費者放心選購。', '2024-05-13 08:12:12', 5),
(10041, 10041, 10001, '用品的質量非常好，非常堅固耐用，我家的寵物用了很長時間都沒有壞。', '2024-05-13 08:12:12', 4),
(10042, 10042, 10002, '用品的外觀設計獨特，非常吸引人，我家的寵物一看到就喜歡。', '2024-05-13 08:12:12', 5),
(10043, 10043, 10003, '價格偏高，不太符合預算。', '2024-05-13 08:12:12', 1),
(10044, 10044, 10004, '外觀過於花俏，缺乏實用性。', '2024-05-13 08:12:12', 1),
(10045, 10045, 10005, '用品的材料環保健康，沒有化學添加劑，給寵物提供了安全的使用體驗。', '2024-05-13 08:12:12', 5),
(10046, 10046, 10006, '這款寵物用品的價格實惠，性價比很高，是很好的選擇。', '2024-05-13 08:12:12', 5),
(10047, 10047, 10007, '用品的功能非常多，可以滿足各種寵物的需求，非常實用。', '2024-05-13 08:12:12', 4),
(10048, 10048, 10008, '適合作為禮物送給其他寵物主人。', '2024-05-13 08:12:12', 5),
(10049, 10049, 10009, '用戶認為質地偏硬，可能對寵物造成不適。', '2024-05-13 08:18:52', 2),
(10050, 10050, 10010, '質量可靠，經得起寵物的咬嚼和抓挠，非常耐用', '2024-05-13 08:18:52', 4),
(10051, 10051, 10001, '材料質地偏輕，不太堅固耐用。', '2024-05-13 08:18:52', 2),
(10052, 10052, 10002, '', '2024-05-13 08:18:52', 3),
(10053, 10053, 10003, '方法非常簡單，不需要太多的操作，適合新手主人。', '2024-05-13 08:18:52', 3),
(10054, 10054, 10004, '使用下來認為價格偏高，不太划算。', '2024-05-13 08:18:52', 2),
(10055, 10055, 10005, '用品的材料環保健康，對寵物和環境都很友好。', '2024-05-13 08:18:52', 3),
(10056, 10056, 10006, '用戶認為材料味道稍重，可能不太受寵物歡迎。', '2024-05-13 08:18:52', 2),
(10057, 10057, 10007, '包裝設計過於簡單，可能給人一種廉價感。', '2024-05-13 08:18:52', 1),
(10058, 10058, 10008, '這款寵物用品的外觀設計簡潔大方，非常適合寵物。', '2024-05-13 08:18:52', 5),
(10059, 10059, 10009, '價格在同類產品中相對較低，非常適合預算有限的主人。', '2024-05-13 08:30:30', 3),
(10060, 10060, 10010, '部分材料可能存在質量問題，使用時間長了可能出現磨損。', '2024-05-13 08:30:30', 2),
(10061, 10061, 10001, '添加的成分可能對寵物造成過敏或不良反應。', '2024-05-13 08:30:30', 2),
(10062, 10062, 10002, '需要長期使用才能看到明顯效果，不夠立竿見影。', '2024-05-13 08:30:30', 2),
(10063, 10063, 10003, '保健用品的使用方法簡單，效果顯著，能夠有效預防寵物的常見疾病。', '2024-05-13 08:30:30', 5),
(10064, 10064, 10004, '認為價格偏高，不太划算。', '2024-05-13 08:30:30', 1),
(10065, 10065, 10005, '含有豐富的維生素和礦物質，有助於提升寵物的免疫力和整體健康。', '2024-05-13 08:30:30', 4),
(10066, 10066, 10006, '添加了天然草本成分，有助於緩解寵物的焦慮和壓力。', '2024-05-13 08:30:30', 3),
(10067, 10067, 10007, '通過了專業機構的認證，品質有保證，安全可靠。', '2024-05-13 08:30:30', 5),
(10068, 10068, 10008, '草本成分的效果因寵物個體而異，並不適用於所有寵物。', '2024-05-13 08:30:30', 2),
(10069, 10069, 10009, '每次買包裝都有許多破損，需要改進。', '2024-05-13 08:32:51', 1),
(10070, 10070, 10010, '抗菌成分可能對寵物皮膚造成刺激。', '2024-05-13 08:32:51', 1),
(10071, 10071, 10001, '添加了美毛因子，有助於改善寵物的毛髮質量和亮澤度。', '2024-05-13 08:32:51', 4),
(10072, 10072, 10002, '效果不夠顯著，可能需要長期使用才能看到明顯效果。', '2024-05-13 08:32:51', 2),
(10073, 10073, 10003, '果因寵物個體差異而異，並不適用於所有寵物。', '2024-05-13 08:32:51', 3),
(10074, 10074, 10004, '天然成分可能導致產品保存期限較短，需要注意保存。', '2024-05-13 08:32:51', 2),
(10075, 10075, 10005, '有舒緩和鎮靜的功效，能夠有效緩解寵物的焦慮和不安情緒。', '2024-05-13 08:32:51', 4),
(10076, 10076, 10006, '味道可能過於濃烈，不適合部分寵物的口味。', '2024-05-13 08:32:51', 2),
(10077, 10077, 10007, '成分過於專業，難以理解。', '2024-05-13 08:32:51', 2),
(10078, 10078, 10008, '效果因寵物體質差異而有所不同，需謹慎選擇。', '2024-05-13 08:32:51', 1),
(10079, 10079, 10009, '獲得了許多專業機構的推薦和認證，品質有保證，值得信賴。', '2024-05-13 08:35:22', 3),
(10080, 10080, 10010, '價格低廉可能意味著產品質量不佳，需謹慎考慮。', '2024-05-13 08:35:22', 2),
(10081, 10081, 10001, '寵物零食口感香脆，寵物愛不釋手，是訓練和犒賞的理想選擇。', '2024-05-13 08:35:22', 4),
(10082, 10082, 10002, '分可能過於油膩，不太適合長期食用。', '2024-05-13 08:35:22', 1),
(10083, 10083, 10003, '零食的包裝設計精美，方便攜帶，可以隨時隨地給寵物享用。', '2024-05-13 08:35:22', 4),
(10084, 10084, 10004, '添加了天然成分，無添加人工色素和防腐劑，安全健康。', '2024-05-13 08:35:22', 3),
(10085, 10085, 10005, '富含蛋白質和營養元素，有助於寵物的生長發育和健康。', '2024-05-13 08:35:22', 4),
(10086, 10086, 10006, '零食外包裝簡潔大方，易於攜帶，是出行時寵物的理想伴侶。', '2024-05-13 08:35:22', 5),
(10087, 10087, 10007, '添加了酵母等成分，有助於促進寵物的消化吸收和腸道健康。', '2024-05-13 08:35:22', 5),
(10088, 10088, 10008, '酵母成分可能導致過敏反應，需注意。', '2024-05-13 08:35:22', 3),
(10089, 10089, 10009, '設計可能過於簡單，缺乏吸引力。', '2024-05-13 08:37:41', 3),
(10090, 10090, 10010, '包裝可能不夠堅固，易損壞。', '2024-05-13 08:37:41', 1),
(10091, 10091, 10001, '零食的生產工藝優良，保證了產品的品質和新鮮度', '2024-05-13 08:37:41', 5),
(10092, 10092, 10002, '口味可能過於濃烈，不適合所有寵物的口味。', '2024-05-13 08:37:41', 1),
(10093, 10093, 10003, '天然成分可能導致產品保存期限較短。', '2024-05-13 08:37:41', 2),
(10094, 10094, 10004, '認為過多攝取可能導致腹瀉或消化不良。', '2024-05-13 08:37:41', 1),
(10095, 10095, 10005, '部分口味可能不夠吸引，寵物不感興趣。', '2024-05-13 08:37:41', 1),
(10096, 10096, 10006, '過度使用可能導致寵物依賴性過強。', '2024-05-13 08:37:41', 1),
(10097, 10097, 10007, '柔軟口感可能導致寵物過度進食，需注意控制份量。', '2024-05-13 08:37:41', 1),
(10098, 10098, 10008, '零食的生產工藝環保無害，符合國際食品安全標準，品質有保證。', '2024-05-13 08:37:41', 4),
(10099, 10099, 10009, '添加的成分可能對寵物腎臟造成負擔，需謹慎使用。', '2024-05-13 08:37:41', 2),
(10100, 10100, 10010, '包裝設計可能存在虛假宣傳的情況，需審慎選擇。', '2024-05-13 08:39:59', 1);

-- --------------------------------------------------------

--
-- 資料表結構 `user`
--

CREATE TABLE `user` (
  `user_id` int(11) NOT NULL,
  `name` varchar(15) NOT NULL,
  `phone` varchar(10) NOT NULL,
  `password` varchar(12) NOT NULL,
  `email` varchar(30) NOT NULL,
  `pic` varchar(100) DEFAULT NULL,
  `address_detail` varchar(80) NOT NULL,
  `status` varchar(6) NOT NULL
) ENGINE=InnoDB DEFAULT CHARSET=utf8mb4 COLLATE=utf8mb4_general_ci;

--
-- 傾印資料表的資料 `user`
--

INSERT INTO `user` (`user_id`, `name`, `phone`, `password`, `email`, `pic`, `address_detail`, `status`) VALUES
(10001, '白賢祐', '0912345678', 'Pa55w.rd01', 'Hyunwoo01@gmail.com', 'https://im.ge/i/Kim-Soo-Hyun.Z4cI5W', '桃園市龜山區萬壽路１段14號', ''),
(10002, '洪海仁', '0987654321', 'Pa55w.rd02', 'Hairen02@gmail.com', 'https://im.ge/i/Kim-Ji-won.Z4cL80', '屏東縣鹽埔鄉博愛街58號', ''),
(10003, '洪秀哲', '0923456789', 'Pa55w.rd03', 'Xiuzhe03@gmail.com', 'https://im.ge/i/Guo-Dongyan.Z4ciIc', '嘉義市西區博愛市場7號12樓之16', ''),
(10004, '千多慧', '0956789123', 'Pa55w.rd04', 'Duohui04@gmail.com', 'https://im.ge/i/Bridesmaid-Li.Z4chQT', '宜蘭縣大同鄉泰雅路６段7號', ''),
(10005, '洪凡資', '0934567890', 'Pa55w.rd05', 'Fanzi05@gmail.com', '01b1f10f1a23c378331661dabb347c71cf6ca82a.jpg', '新竹縣竹北市光明六路51號', ''),
(10006, '全峰藹', '0978912345', 'Pa55w.rd06', 'Fengai06@gmail.com', 'b98ab34413a6de74e8813831fa797858538d56dd.jpg', '新竹縣竹北市豆子埔57號之11', ''),
(10007, '白斗關', '0945678912', 'Pa55w.rd07', 'baiduguan07@gmail.com', '988e422d07e1f68ddb2b9230e05eb4e1744237bc.jpg', '彰化縣社頭鄉中興路99號', ''),
(10008, '尹殷盛', '0901234567', 'Pa55w.rd08', 'Yinsheng08@gmail.com', 'https://im.ge/i/Park-Sung-hyun.Z4cafm', '新竹縣湖口鄉中平路１段38號之3', ''),
(10009, '羅彩妍', '0967890123', 'Pa55w.rd09', 'Caiyan09@gmail.com', '1ea90413250851dd60a6bd51d57c0a72b6a366c6.jpg', '桃園市大園區國際路２段6號2樓', ''),
(10010, '金陽基', '0998765432', 'Pa55w.rd10', 'Yangki10@gmail.com', '8c6067fb543b516fce5ab6425eff11587c69bf14.jpg', '新竹市北區西安街48號', '');

--
-- 已傾印資料表的索引
--

--
-- 資料表索引 `blog`
--
ALTER TABLE `blog`
  ADD PRIMARY KEY (`blog_id`) USING BTREE,
  ADD KEY `pet_info_blog_fk` (`pet_id`);

--
-- 資料表索引 `faq_report`
--
ALTER TABLE `faq_report`
  ADD PRIMARY KEY (`fr_id`);

--
-- 資料表索引 `faq_shopinfo`
--
ALTER TABLE `faq_shopinfo`
  ADD PRIMARY KEY (`question_id`);

--
-- 資料表索引 `favorite`
--
ALTER TABLE `favorite`
  ADD PRIMARY KEY (`favorite_id`),
  ADD KEY `pet_info_favorite_fk` (`pet_id`),
  ADD KEY `user_favorite_fk` (`user_id`);

--
-- 資料表索引 `mypet`
--
ALTER TABLE `mypet`
  ADD PRIMARY KEY (`mypet_id`),
  ADD KEY `pet_info_mypet_fk` (`pet_id`),
  ADD KEY `user_mypet_fk` (`user_id`);

--
-- 資料表索引 `notice_adoptinfo`
--
ALTER TABLE `notice_adoptinfo`
  ADD PRIMARY KEY (`question_adopt_id`);

--
-- 資料表索引 `online_virtual_adoption_form`
--
ALTER TABLE `online_virtual_adoption_form`
  ADD PRIMARY KEY (`adopt_id`),
  ADD KEY `pet_info_online_virtual__adoption_form_fk` (`pet_id`),
  ADD KEY `user_online_virtual__adoption_form_fk` (`user_id`);

--
-- 資料表索引 `order_detail`
--
ALTER TABLE `order_detail`
  ADD PRIMARY KEY (`order_detail_id`),
  ADD KEY `commodity_order_detail_fk` (`product_id`);

--
-- 資料表索引 `order_history`
--
ALTER TABLE `order_history`
  ADD PRIMARY KEY (`order_id`),
  ADD KEY `user_order_history_fk` (`user_id`),
  ADD KEY `order_detail_id_fk` (`order_detail_id`);

--
-- 資料表索引 `pet_action`
--
ALTER TABLE `pet_action`
  ADD PRIMARY KEY (`action_id`),
  ADD KEY `pet_info_pet_action_fk` (`pet_id`);

--
-- 資料表索引 `pet_info`
--
ALTER TABLE `pet_info`
  ADD PRIMARY KEY (`pet_id`);

--
-- 資料表索引 `product`
--
ALTER TABLE `product`
  ADD PRIMARY KEY (`product_id`);

--
-- 資料表索引 `psycological_test`
--
ALTER TABLE `psycological_test`
  ADD PRIMARY KEY (`question_id`);

--
-- 資料表索引 `psycological_test_result`
--
ALTER TABLE `psycological_test_result`
  ADD PRIMARY KEY (`result_id`);

--
-- 資料表索引 `reserve_system`
--
ALTER TABLE `reserve_system`
  ADD PRIMARY KEY (`reservation_id`),
  ADD KEY `pet_info_reserve_system_fk` (`pet_id`),
  ADD KEY `user_reserve_system_fk` (`user_id`);

--
-- 資料表索引 `reviews`
--
ALTER TABLE `reviews`
  ADD PRIMARY KEY (`reviews_id`),
  ADD KEY `product_id` (`product_id`),
  ADD KEY `user_id` (`user_id`);

--
-- 資料表索引 `user`
--
ALTER TABLE `user`
  ADD PRIMARY KEY (`user_id`);

--
-- 在傾印的資料表使用自動遞增(AUTO_INCREMENT)
--

--
-- 使用資料表自動遞增(AUTO_INCREMENT) `blog`
--
ALTER TABLE `blog`
  MODIFY `blog_id` int(11) NOT NULL AUTO_INCREMENT, AUTO_INCREMENT=16;

--
-- 使用資料表自動遞增(AUTO_INCREMENT) `faq_report`
--
ALTER TABLE `faq_report`
  MODIFY `fr_id` int(7) NOT NULL AUTO_INCREMENT;

--
-- 使用資料表自動遞增(AUTO_INCREMENT) `faq_shopinfo`
--
ALTER TABLE `faq_shopinfo`
  MODIFY `question_id` int(11) NOT NULL AUTO_INCREMENT, AUTO_INCREMENT=10021;

--
-- 使用資料表自動遞增(AUTO_INCREMENT) `favorite`
--
ALTER TABLE `favorite`
  MODIFY `favorite_id` int(11) NOT NULL AUTO_INCREMENT, AUTO_INCREMENT=10011;

--
-- 使用資料表自動遞增(AUTO_INCREMENT) `mypet`
--
ALTER TABLE `mypet`
  MODIFY `mypet_id` int(11) NOT NULL AUTO_INCREMENT, AUTO_INCREMENT=10011;

--
-- 使用資料表自動遞增(AUTO_INCREMENT) `notice_adoptinfo`
--
ALTER TABLE `notice_adoptinfo`
  MODIFY `question_adopt_id` int(11) NOT NULL AUTO_INCREMENT, AUTO_INCREMENT=10011;

--
-- 使用資料表自動遞增(AUTO_INCREMENT) `online_virtual_adoption_form`
--
ALTER TABLE `online_virtual_adoption_form`
  MODIFY `adopt_id` int(11) NOT NULL AUTO_INCREMENT, AUTO_INCREMENT=10041;

--
-- 使用資料表自動遞增(AUTO_INCREMENT) `order_detail`
--
ALTER TABLE `order_detail`
  MODIFY `order_detail_id` int(11) NOT NULL AUTO_INCREMENT, AUTO_INCREMENT=10021;

--
-- 使用資料表自動遞增(AUTO_INCREMENT) `order_history`
--
ALTER TABLE `order_history`
  MODIFY `order_id` int(11) NOT NULL AUTO_INCREMENT, AUTO_INCREMENT=10021;

--
-- 使用資料表自動遞增(AUTO_INCREMENT) `pet_action`
--
ALTER TABLE `pet_action`
  MODIFY `action_id` int(11) NOT NULL AUTO_INCREMENT, AUTO_INCREMENT=10011;

--
-- 使用資料表自動遞增(AUTO_INCREMENT) `pet_info`
--
ALTER TABLE `pet_info`
  MODIFY `pet_id` int(11) NOT NULL AUTO_INCREMENT, AUTO_INCREMENT=10044;

--
-- 使用資料表自動遞增(AUTO_INCREMENT) `product`
--
ALTER TABLE `product`
  MODIFY `product_id` int(11) NOT NULL AUTO_INCREMENT, AUTO_INCREMENT=10023;

--
-- 使用資料表自動遞增(AUTO_INCREMENT) `psycological_test`
--
ALTER TABLE `psycological_test`
  MODIFY `question_id` int(11) NOT NULL AUTO_INCREMENT, AUTO_INCREMENT=10011;

--
-- 使用資料表自動遞增(AUTO_INCREMENT) `psycological_test_result`
--
ALTER TABLE `psycological_test_result`
  MODIFY `result_id` int(11) NOT NULL AUTO_INCREMENT, AUTO_INCREMENT=10011;

--
-- 使用資料表自動遞增(AUTO_INCREMENT) `reserve_system`
--
ALTER TABLE `reserve_system`
  MODIFY `reservation_id` int(11) NOT NULL AUTO_INCREMENT, AUTO_INCREMENT=10041;

--
-- 使用資料表自動遞增(AUTO_INCREMENT) `user`
--
ALTER TABLE `user`
  MODIFY `user_id` int(11) NOT NULL AUTO_INCREMENT, AUTO_INCREMENT=10578;

--
-- 已傾印資料表的限制式
--

--
-- 資料表的限制式 `blog`
--
ALTER TABLE `blog`
  ADD CONSTRAINT `pet_info_blog_fk` FOREIGN KEY (`pet_id`) REFERENCES `pet_info` (`pet_id`) ON DELETE NO ACTION ON UPDATE NO ACTION;

--
-- 資料表的限制式 `favorite`
--
ALTER TABLE `favorite`
  ADD CONSTRAINT `pet_info_favorite_fk` FOREIGN KEY (`pet_id`) REFERENCES `pet_info` (`pet_id`) ON DELETE NO ACTION ON UPDATE NO ACTION,
  ADD CONSTRAINT `user_favorite_fk` FOREIGN KEY (`user_id`) REFERENCES `user` (`user_id`) ON DELETE NO ACTION ON UPDATE NO ACTION;

--
-- 資料表的限制式 `mypet`
--
ALTER TABLE `mypet`
  ADD CONSTRAINT `pet_info_mypet_fk` FOREIGN KEY (`pet_id`) REFERENCES `pet_info` (`pet_id`) ON DELETE NO ACTION ON UPDATE NO ACTION,
  ADD CONSTRAINT `user_mypet_fk` FOREIGN KEY (`user_id`) REFERENCES `user` (`user_id`) ON DELETE NO ACTION ON UPDATE NO ACTION;

--
-- 資料表的限制式 `online_virtual_adoption_form`
--
ALTER TABLE `online_virtual_adoption_form`
  ADD CONSTRAINT `pet_info_online_virtual__adoption_form_fk` FOREIGN KEY (`pet_id`) REFERENCES `pet_info` (`pet_id`) ON DELETE NO ACTION ON UPDATE NO ACTION,
  ADD CONSTRAINT `user_online_virtual__adoption_form_fk` FOREIGN KEY (`user_id`) REFERENCES `user` (`user_id`) ON DELETE NO ACTION ON UPDATE NO ACTION;

--
-- 資料表的限制式 `order_detail`
--
ALTER TABLE `order_detail`
  ADD CONSTRAINT `commodity_order_detail_fk` FOREIGN KEY (`product_id`) REFERENCES `product` (`Product_id`) ON DELETE NO ACTION ON UPDATE NO ACTION;

--
-- 資料表的限制式 `order_history`
--
ALTER TABLE `order_history`
  ADD CONSTRAINT `user_order_history_fk` FOREIGN KEY (`user_id`) REFERENCES `user` (`user_id`) ON DELETE NO ACTION ON UPDATE NO ACTION;

--
-- 資料表的限制式 `pet_action`
--
ALTER TABLE `pet_action`
  ADD CONSTRAINT `pet_info_pet_action_fk` FOREIGN KEY (`pet_id`) REFERENCES `pet_info` (`pet_id`) ON DELETE NO ACTION ON UPDATE NO ACTION;

--
-- 資料表的限制式 `reserve_system`
--
ALTER TABLE `reserve_system`
  ADD CONSTRAINT `pet_info_reserve_system_fk` FOREIGN KEY (`pet_id`) REFERENCES `pet_info` (`pet_id`) ON DELETE NO ACTION ON UPDATE NO ACTION,
  ADD CONSTRAINT `user_reserve_system_fk` FOREIGN KEY (`user_id`) REFERENCES `user` (`user_id`) ON DELETE NO ACTION ON UPDATE NO ACTION;
COMMIT;

/*!40101 SET CHARACTER_SET_CLIENT=@OLD_CHARACTER_SET_CLIENT */;
/*!40101 SET CHARACTER_SET_RESULTS=@OLD_CHARACTER_SET_RESULTS */;
/*!40101 SET COLLATION_CONNECTION=@OLD_COLLATION_CONNECTION */;
